hour_start_utc,kwh
2026-07-31T22:00:00Z,1.0215
2026-07-31T23:00:00Z,0.935
2026-08-01T00:00:00Z,0.8766
2026-08-01T01:00:00Z,0.8459
2026-08-01T02:00:00Z,0.8296
2026-08-01T03:00:00Z,0.8101
2026-08-01T04:00:00Z,0.8039
2026-08-01T05:00:00Z,0.8413
2026-08-01T06:00:00Z,0.9278
2026-08-01T07:00:00Z,1.0418
2026-08-01T08:00:00Z,1.0989
2026-08-01T09:00:00Z,1.108
2026-08-01T10:00:00Z,1.0969
2026-08-01T11:00:00Z,1.0815
2026-08-01T12:00:00Z,1.0695
2026-08-01T13:00:00Z,1.0732
2026-08-01T14:00:00Z,1.096
2026-08-01T15:00:00Z,1.1246
2026-08-01T16:00:00Z,1.1653
2026-08-01T17:00:00Z,1.1799
2026-08-01T18:00:00Z,1.1704
2026-08-01T19:00:00Z,1.1529
2026-08-01T20:00:00Z,1.1507
2026-08-01T21:00:00Z,1.0953
2026-08-01T22:00:00Z,1.0134
2026-08-01T23:00:00Z,0.9411
2026-08-02T00:00:00Z,0.8895
2026-08-02T01:00:00Z,0.8563
2026-08-02T02:00:00Z,0.8302
2026-08-02T03:00:00Z,0.8046
2026-08-02T04:00:00Z,0.8028
2026-08-02T05:00:00Z,0.8288
2026-08-02T06:00:00Z,0.9071
2026-08-02T07:00:00Z,1.0124
2026-08-02T08:00:00Z,1.0817
2026-08-02T09:00:00Z,1.1105
2026-08-02T10:00:00Z,1.1143
2026-08-02T11:00:00Z,1.1203
2026-08-02T12:00:00Z,1.1222
2026-08-02T13:00:00Z,1.1323
2026-08-02T14:00:00Z,1.1586
2026-08-02T15:00:00Z,1.1779
2026-08-02T16:00:00Z,1.226
2026-08-02T17:00:00Z,1.2589
2026-08-02T18:00:00Z,1.2753
2026-08-02T19:00:00Z,1.276
2026-08-02T20:00:00Z,1.2701
2026-08-02T21:00:00Z,1.1793
2026-08-02T22:00:00Z,1.0652
2026-08-02T23:00:00Z,0.9685
2026-08-03T00:00:00Z,0.9068
2026-08-03T01:00:00Z,0.8742
2026-08-03T02:00:00Z,0.8487
2026-08-03T03:00:00Z,0.8486
2026-08-03T04:00:00Z,0.903
2026-08-03T05:00:00Z,0.9563
2026-08-03T06:00:00Z,0.9667
2026-08-03T07:00:00Z,0.9853
2026-08-03T08:00:00Z,0.9875
2026-08-03T09:00:00Z,0.9921
2026-08-03T10:00:00Z,0.9755
2026-08-03T11:00:00Z,0.9609
2026-08-03T12:00:00Z,0.9714
2026-08-03T13:00:00Z,1.0398
2026-08-03T14:00:00Z,1.1322
2026-08-03T15:00:00Z,1.1472
2026-08-03T16:00:00Z,1.164
2026-08-03T17:00:00Z,1.1948
2026-08-03T18:00:00Z,1.2316
2026-08-03T19:00:00Z,1.2536
2026-08-03T20:00:00Z,1.2444
2026-08-03T21:00:00Z,1.1461
2026-08-03T22:00:00Z,1.0229
2026-08-03T23:00:00Z,0.9302
2026-08-04T00:00:00Z,0.8777
2026-08-04T01:00:00Z,0.8464
2026-08-04T02:00:00Z,0.8261
2026-08-04T03:00:00Z,0.8273
2026-08-04T04:00:00Z,0.8757
2026-08-04T05:00:00Z,0.9267
2026-08-04T06:00:00Z,0.9389
2026-08-04T07:00:00Z,0.9436
2026-08-04T08:00:00Z,0.9551
2026-08-04T09:00:00Z,0.9535
2026-08-04T10:00:00Z,0.9413
2026-08-04T11:00:00Z,0.9437
2026-08-04T12:00:00Z,0.9809
2026-08-04T13:00:00Z,1.0918
2026-08-04T14:00:00Z,1.2245
2026-08-04T15:00:00Z,1.2629
2026-08-04T16:00:00Z,1.279
2026-08-04T17:00:00Z,1.2922
2026-08-04T18:00:00Z,1.2965
2026-08-04T19:00:00Z,1.2855
2026-08-04T20:00:00Z,1.2507
2026-08-04T21:00:00Z,1.1366
2026-08-04T22:00:00Z,1.0121
2026-08-04T23:00:00Z,0.9181
2026-08-05T00:00:00Z,0.8604
2026-08-05T01:00:00Z,0.8246
2026-08-05T02:00:00Z,0.8032
2026-08-05T03:00:00Z,0.7949
2026-08-05T04:00:00Z,0.8418
2026-08-05T05:00:00Z,0.909
2026-08-05T06:00:00Z,0.9437
2026-08-05T07:00:00Z,0.9734
2026-08-05T08:00:00Z,0.9872
2026-08-05T09:00:00Z,0.9981
2026-08-05T10:00:00Z,1.0064
2026-08-05T11:00:00Z,1.0125
2026-08-05T12:00:00Z,1.034
2026-08-05T13:00:00Z,1.1245
2026-08-05T14:00:00Z,1.2441
2026-08-05T15:00:00Z,1.2652
2026-08-05T16:00:00Z,1.2751
2026-08-05T17:00:00Z,1.2881
2026-08-05T18:00:00Z,1.2977
2026-08-05T19:00:00Z,1.295
2026-08-05T20:00:00Z,1.2613
2026-08-05T21:00:00Z,1.1552
2026-08-05T22:00:00Z,1.0293
2026-08-05T23:00:00Z,0.9373
2026-08-06T00:00:00Z,0.8814
2026-08-06T01:00:00Z,0.8451
2026-08-06T02:00:00Z,0.8214
2026-08-06T03:00:00Z,0.8098
2026-08-06T04:00:00Z,0.8557
2026-08-06T05:00:00Z,0.9245
2026-08-06T06:00:00Z,0.9554
2026-08-06T07:00:00Z,0.9854
2026-08-06T08:00:00Z,0.9924
2026-08-06T09:00:00Z,0.9833
2026-08-06T10:00:00Z,0.9753
2026-08-06T11:00:00Z,0.9717
2026-08-06T12:00:00Z,0.997
2026-08-06T13:00:00Z,1.0855
2026-08-06T14:00:00Z,1.1929
2026-08-06T15:00:00Z,1.2231
2026-08-06T16:00:00Z,1.2246
2026-08-06T17:00:00Z,1.2461
2026-08-06T18:00:00Z,1.2705
2026-08-06T19:00:00Z,1.295
2026-08-06T20:00:00Z,1.2986
2026-08-06T21:00:00Z,1.2031
2026-08-06T22:00:00Z,1.08
2026-08-06T23:00:00Z,0.9841
2026-08-07T00:00:00Z,0.9184
2026-08-07T01:00:00Z,0.8846
2026-08-07T02:00:00Z,0.8583
2026-08-07T03:00:00Z,0.8432
2026-08-07T04:00:00Z,0.886
2026-08-07T05:00:00Z,0.9493
2026-08-07T06:00:00Z,0.9867
2026-08-07T07:00:00Z,1.0175
2026-08-07T08:00:00Z,1.0366
2026-08-07T09:00:00Z,1.0309
2026-08-07T10:00:00Z,1.0111
2026-08-07T11:00:00Z,1.0027
2026-08-07T12:00:00Z,1.0189
2026-08-07T13:00:00Z,1.0734
2026-08-07T14:00:00Z,1.157
2026-08-07T15:00:00Z,1.1959
2026-08-07T16:00:00Z,1.2006
2026-08-07T17:00:00Z,1.2151
2026-08-07T18:00:00Z,1.2242
2026-08-07T19:00:00Z,1.2203
2026-08-07T20:00:00Z,1.2134
2026-08-07T21:00:00Z,1.1471
2026-08-07T22:00:00Z,1.0636
2026-08-07T23:00:00Z,0.9749
2026-08-08T00:00:00Z,0.9142
2026-08-08T01:00:00Z,0.8797
2026-08-08T02:00:00Z,0.8514
2026-08-08T03:00:00Z,0.8353
2026-08-08T04:00:00Z,0.8239
2026-08-08T05:00:00Z,0.8698
2026-08-08T06:00:00Z,0.9693
2026-08-08T07:00:00Z,1.0694
2026-08-08T08:00:00Z,1.1179
2026-08-08T09:00:00Z,1.1259
2026-08-08T10:00:00Z,1.1094
2026-08-08T11:00:00Z,1.0935
2026-08-08T12:00:00Z,1.0873
2026-08-08T13:00:00Z,1.0984
2026-08-08T14:00:00Z,1.1303
2026-08-08T15:00:00Z,1.1699
2026-08-08T16:00:00Z,1.2082
2026-08-08T17:00:00Z,1.2241
2026-08-08T18:00:00Z,1.2041
2026-08-08T19:00:00Z,1.1844
2026-08-08T20:00:00Z,1.165
2026-08-08T21:00:00Z,1.1046
2026-08-08T22:00:00Z,1.0244
2026-08-08T23:00:00Z,0.9487
2026-08-09T00:00:00Z,0.8937
2026-08-09T01:00:00Z,0.8559
2026-08-09T02:00:00Z,0.8237
2026-08-09T03:00:00Z,0.8019
2026-08-09T04:00:00Z,0.7973
2026-08-09T05:00:00Z,0.8321
2026-08-09T06:00:00Z,0.9212
2026-08-09T07:00:00Z,1.0272
2026-08-09T08:00:00Z,1.1118
2026-08-09T09:00:00Z,1.1531
2026-08-09T10:00:00Z,1.1673
2026-08-09T11:00:00Z,1.1818
2026-08-09T12:00:00Z,1.1975
2026-08-09T13:00:00Z,1.2291
2026-08-09T14:00:00Z,1.2647
2026-08-09T15:00:00Z,1.2987
2026-08-09T16:00:00Z,1.3417
2026-08-09T17:00:00Z,1.376
2026-08-09T18:00:00Z,1.3834
2026-08-09T19:00:00Z,1.3675
2026-08-09T20:00:00Z,1.3286
2026-08-09T21:00:00Z,1.2086
2026-08-09T22:00:00Z,1.081
2026-08-09T23:00:00Z,0.9927
2026-08-10T00:00:00Z,0.937
2026-08-10T01:00:00Z,0.8976
2026-08-10T02:00:00Z,0.8744
2026-08-10T03:00:00Z,0.8767
2026-08-10T04:00:00Z,0.9533
2026-08-10T05:00:00Z,1.0275
2026-08-10T06:00:00Z,1.0243
2026-08-10T07:00:00Z,1.0154
2026-08-10T08:00:00Z,1.0178
2026-08-10T09:00:00Z,1.0159
2026-08-10T10:00:00Z,1.0146
2026-08-10T11:00:00Z,1.0042
2026-08-10T12:00:00Z,1.0182
2026-08-10T13:00:00Z,1.1042
2026-08-10T14:00:00Z,1.2214
2026-08-10T15:00:00Z,1.2516
2026-08-10T16:00:00Z,1.2588
2026-08-10T17:00:00Z,1.2881
2026-08-10T18:00:00Z,1.3323
2026-08-10T19:00:00Z,1.364
2026-08-10T20:00:00Z,1.3538
2026-08-10T21:00:00Z,1.2466
2026-08-10T22:00:00Z,1.0916
2026-08-10T23:00:00Z,0.9917
2026-08-11T00:00:00Z,0.9432
2026-08-11T01:00:00Z,0.9133
2026-08-11T02:00:00Z,0.8937
2026-08-11T03:00:00Z,0.8941
2026-08-11T04:00:00Z,0.9636
2026-08-11T05:00:00Z,1.0388
2026-08-11T06:00:00Z,1.0359
2026-08-11T07:00:00Z,1.026
2026-08-11T08:00:00Z,1.0155
2026-08-11T09:00:00Z,0.9973
2026-08-11T10:00:00Z,0.9779
2026-08-11T11:00:00Z,0.9712
2026-08-11T12:00:00Z,0.9856
2026-08-11T13:00:00Z,1.0671
2026-08-11T14:00:00Z,1.1777
2026-08-11T15:00:00Z,1.2
2026-08-11T16:00:00Z,1.2003
2026-08-11T17:00:00Z,1.2389
2026-08-11T18:00:00Z,1.2935
2026-08-11T19:00:00Z,1.3383
2026-08-11T20:00:00Z,1.3366
2026-08-11T21:00:00Z,1.2233
2026-08-11T22:00:00Z,1.0897
2026-08-11T23:00:00Z,1.0001
2026-08-12T00:00:00Z,0.9476
2026-08-12T01:00:00Z,0.9199
2026-08-12T02:00:00Z,0.8958
2026-08-12T03:00:00Z,0.8969
2026-08-12T04:00:00Z,0.971
2026-08-12T05:00:00Z,1.0513
2026-08-12T06:00:00Z,1.0381
2026-08-12T07:00:00Z,1.0144
2026-08-12T08:00:00Z,0.9996
2026-08-12T09:00:00Z,0.9909
2026-08-12T10:00:00Z,0.9707
2026-08-12T11:00:00Z,0.9664
2026-08-12T12:00:00Z,0.9831
2026-08-12T13:00:00Z,1.0674
2026-08-12T14:00:00Z,1.1865
2026-08-12T15:00:00Z,1.2036
2026-08-12T16:00:00Z,1.2112
2026-08-12T17:00:00Z,1.2494
2026-08-12T18:00:00Z,1.3075
2026-08-12T19:00:00Z,1.3336
2026-08-12T20:00:00Z,1.3132
2026-08-12T21:00:00Z,1.1982
2026-08-12T22:00:00Z,1.0588
2026-08-12T23:00:00Z,0.9694
2026-08-13T00:00:00Z,0.9086
2026-08-13T01:00:00Z,0.8626
2026-08-13T02:00:00Z,0.8359
2026-08-13T03:00:00Z,0.8359
2026-08-13T04:00:00Z,0.9121
2026-08-13T05:00:00Z,1.0089
2026-08-13T06:00:00Z,0.9977
2026-08-13T07:00:00Z,0.9783
2026-08-13T08:00:00Z,0.969
2026-08-13T09:00:00Z,0.9592
2026-08-13T10:00:00Z,0.9395
2026-08-13T11:00:00Z,0.9346
2026-08-13T12:00:00Z,0.9583
2026-08-13T13:00:00Z,1.0459
2026-08-13T14:00:00Z,1.1544
2026-08-13T15:00:00Z,1.1669
2026-08-13T16:00:00Z,1.1863
2026-08-13T17:00:00Z,1.2305
2026-08-13T18:00:00Z,1.2749
2026-08-13T19:00:00Z,1.3079
2026-08-13T20:00:00Z,1.2905
2026-08-13T21:00:00Z,1.1742
2026-08-13T22:00:00Z,1.0401
2026-08-13T23:00:00Z,0.9378
2026-08-14T00:00:00Z,0.8767
2026-08-14T01:00:00Z,0.8314
2026-08-14T02:00:00Z,0.7978
2026-08-14T03:00:00Z,0.7947
2026-08-14T04:00:00Z,0.8603
2026-08-14T05:00:00Z,0.952
2026-08-14T06:00:00Z,0.9545
2026-08-14T07:00:00Z,0.9576
2026-08-14T08:00:00Z,0.952
2026-08-14T09:00:00Z,0.9516
2026-08-14T10:00:00Z,0.9457
2026-08-14T11:00:00Z,0.9467
2026-08-14T12:00:00Z,0.9738
2026-08-14T13:00:00Z,1.0529
2026-08-14T14:00:00Z,1.1408
2026-08-14T15:00:00Z,1.1707
2026-08-14T16:00:00Z,1.1689
2026-08-14T17:00:00Z,1.1728
2026-08-14T18:00:00Z,1.1745
2026-08-14T19:00:00Z,1.1731
2026-08-14T20:00:00Z,1.1581
2026-08-14T21:00:00Z,1.0867
2026-08-14T22:00:00Z,0.9836
2026-08-14T23:00:00Z,0.8918
2026-08-15T00:00:00Z,0.8332
2026-08-15T01:00:00Z,0.7928
2026-08-15T02:00:00Z,0.777
2026-08-15T03:00:00Z,0.7629
2026-08-15T04:00:00Z,0.7615
2026-08-15T05:00:00Z,0.8141
2026-08-15T06:00:00Z,0.9234
2026-08-15T07:00:00Z,1.0403
2026-08-15T08:00:00Z,1.0884
2026-08-15T09:00:00Z,1.0909
2026-08-15T10:00:00Z,1.0667
2026-08-15T11:00:00Z,1.0403
2026-08-15T12:00:00Z,1.0342
2026-08-15T13:00:00Z,1.0499
2026-08-15T14:00:00Z,1.0835
2026-08-15T15:00:00Z,1.1387
2026-08-15T16:00:00Z,1.177
2026-08-15T17:00:00Z,1.1896
2026-08-15T18:00:00Z,1.1748
2026-08-15T19:00:00Z,1.1574
2026-08-15T20:00:00Z,1.1324
2026-08-15T21:00:00Z,1.076
2026-08-15T22:00:00Z,0.9858
2026-08-15T23:00:00Z,0.9071
2026-08-16T00:00:00Z,0.8507
2026-08-16T01:00:00Z,0.8172
2026-08-16T02:00:00Z,0.7925
2026-08-16T03:00:00Z,0.7825
2026-08-16T04:00:00Z,0.7749
2026-08-16T05:00:00Z,0.8062
2026-08-16T06:00:00Z,0.8991
2026-08-16T07:00:00Z,1.0083
2026-08-16T08:00:00Z,1.0819
2026-08-16T09:00:00Z,1.1015
2026-08-16T10:00:00Z,1.098
2026-08-16T11:00:00Z,1.1031
2026-08-16T12:00:00Z,1.1172
2026-08-16T13:00:00Z,1.1425
2026-08-16T14:00:00Z,1.1774
2026-08-16T15:00:00Z,1.2162
2026-08-16T16:00:00Z,1.2757
2026-08-16T17:00:00Z,1.3273
2026-08-16T18:00:00Z,1.3658
2026-08-16T19:00:00Z,1.3821
2026-08-16T20:00:00Z,1.338
2026-08-16T21:00:00Z,1.1953
2026-08-16T22:00:00Z,1.0541
2026-08-16T23:00:00Z,0.9529
2026-08-17T00:00:00Z,0.8991
2026-08-17T01:00:00Z,0.8644
2026-08-17T02:00:00Z,0.8439
2026-08-17T03:00:00Z,0.8538
2026-08-17T04:00:00Z,0.9585
2026-08-17T05:00:00Z,1.0716
2026-08-17T06:00:00Z,1.0291
2026-08-17T07:00:00Z,0.9848
2026-08-17T08:00:00Z,0.9632
2026-08-17T09:00:00Z,0.9467
2026-08-17T10:00:00Z,0.9395
2026-08-17T11:00:00Z,0.9309
2026-08-17T12:00:00Z,0.9578
2026-08-17T13:00:00Z,1.0553
2026-08-17T14:00:00Z,1.1748
2026-08-17T15:00:00Z,1.1858
2026-08-17T16:00:00Z,1.1953
2026-08-17T17:00:00Z,1.2427
2026-08-17T18:00:00Z,1.3101
2026-08-17T19:00:00Z,1.3573
2026-08-17T20:00:00Z,1.3254
2026-08-17T21:00:00Z,1.1848
2026-08-17T22:00:00Z,1.039
2026-08-17T23:00:00Z,0.9525
2026-08-18T00:00:00Z,0.9016
2026-08-18T01:00:00Z,0.8705
2026-08-18T02:00:00Z,0.8499
2026-08-18T03:00:00Z,0.8615
2026-08-18T04:00:00Z,0.9624
2026-08-18T05:00:00Z,1.0666
2026-08-18T06:00:00Z,1.0206
2026-08-18T07:00:00Z,0.9739
2026-08-18T08:00:00Z,0.9475
2026-08-18T09:00:00Z,0.9281
2026-08-18T10:00:00Z,0.9126
2026-08-18T11:00:00Z,0.9088
2026-08-18T12:00:00Z,0.9383
2026-08-18T13:00:00Z,1.0418
2026-08-18T14:00:00Z,1.1673
2026-08-18T15:00:00Z,1.1884
2026-08-18T16:00:00Z,1.2012
2026-08-18T17:00:00Z,1.2519
2026-08-18T18:00:00Z,1.3278
2026-08-18T19:00:00Z,1.3751
2026-08-18T20:00:00Z,1.3395
2026-08-18T21:00:00Z,1.2005
2026-08-18T22:00:00Z,1.0545
2026-08-18T23:00:00Z,0.9663
2026-08-19T00:00:00Z,0.9213
2026-08-19T01:00:00Z,0.8976
2026-08-19T02:00:00Z,0.87
2026-08-19T03:00:00Z,0.8849
2026-08-19T04:00:00Z,0.9886
2026-08-19T05:00:00Z,1.0979
2026-08-19T06:00:00Z,1.0445
2026-08-19T07:00:00Z,0.995
2026-08-19T08:00:00Z,0.9604
2026-08-19T09:00:00Z,0.943
2026-08-19T10:00:00Z,0.9265
2026-08-19T11:00:00Z,0.923
2026-08-19T12:00:00Z,0.9515
2026-08-19T13:00:00Z,1.0539
2026-08-19T14:00:00Z,1.1742
2026-08-19T15:00:00Z,1.1874
2026-08-19T16:00:00Z,1.1965
2026-08-19T17:00:00Z,1.2451
2026-08-19T18:00:00Z,1.3291
2026-08-19T19:00:00Z,1.3877
2026-08-19T20:00:00Z,1.3555
2026-08-19T21:00:00Z,1.2133
2026-08-19T22:00:00Z,1.0645
2026-08-19T23:00:00Z,0.9673
2026-08-20T00:00:00Z,0.921
2026-08-20T01:00:00Z,0.895
2026-08-20T02:00:00Z,0.8708
2026-08-20T03:00:00Z,0.8798
2026-08-20T04:00:00Z,0.9804
2026-08-20T05:00:00Z,1.092
2026-08-20T06:00:00Z,1.0431
2026-08-20T07:00:00Z,0.9922
2026-08-20T08:00:00Z,0.9559
2026-08-20T09:00:00Z,0.9311
2026-08-20T10:00:00Z,0.9142
2026-08-20T11:00:00Z,0.9075
2026-08-20T12:00:00Z,0.9395
2026-08-20T13:00:00Z,1.0465
2026-08-20T14:00:00Z,1.1676
2026-08-20T15:00:00Z,1.1869
2026-08-20T16:00:00Z,1.1945
2026-08-20T17:00:00Z,1.2497
2026-08-20T18:00:00Z,1.3206
2026-08-20T19:00:00Z,1.3841
2026-08-20T20:00:00Z,1.3623
2026-08-20T21:00:00Z,1.2299
2026-08-20T22:00:00Z,1.0836
2026-08-20T23:00:00Z,0.9887
2026-08-21T00:00:00Z,0.9326
2026-08-21T01:00:00Z,0.8966
2026-08-21T02:00:00Z,0.8716
2026-08-21T03:00:00Z,0.8758
2026-08-21T04:00:00Z,0.9635
2026-08-21T05:00:00Z,1.0872
2026-08-21T06:00:00Z,1.0533
2026-08-21T07:00:00Z,1.0169
2026-08-21T08:00:00Z,0.998
2026-08-21T09:00:00Z,0.984
2026-08-21T10:00:00Z,0.9632
2026-08-21T11:00:00Z,0.9654
2026-08-21T12:00:00Z,1.0037
2026-08-21T13:00:00Z,1.0883
2026-08-21T14:00:00Z,1.1894
2026-08-21T15:00:00Z,1.2255
2026-08-21T16:00:00Z,1.2347
2026-08-21T17:00:00Z,1.2465
2026-08-21T18:00:00Z,1.2572
2026-08-21T19:00:00Z,1.2609
2026-08-21T20:00:00Z,1.2318
2026-08-21T21:00:00Z,1.1589
2026-08-21T22:00:00Z,1.0601
2026-08-21T23:00:00Z,0.9698
2026-08-22T00:00:00Z,0.9102
2026-08-22T01:00:00Z,0.878
2026-08-22T02:00:00Z,0.8557
2026-08-22T03:00:00Z,0.8475
2026-08-22T04:00:00Z,0.8537
2026-08-22T05:00:00Z,0.9126
2026-08-22T06:00:00Z,1.0268
2026-08-22T07:00:00Z,1.1308
2026-08-22T08:00:00Z,1.1673
2026-08-22T09:00:00Z,1.1556
2026-08-22T10:00:00Z,1.1283
2026-08-22T11:00:00Z,1.1065
2026-08-22T12:00:00Z,1.0955
2026-08-22T13:00:00Z,1.1152
2026-08-22T14:00:00Z,1.1547
2026-08-22T15:00:00Z,1.2046
2026-08-22T16:00:00Z,1.2619
2026-08-22T17:00:00Z,1.2725
2026-08-22T18:00:00Z,1.254
2026-08-22T19:00:00Z,1.2243
2026-08-22T20:00:00Z,1.1813
2026-08-22T21:00:00Z,1.1074
2026-08-22T22:00:00Z,1.0267
2026-08-22T23:00:00Z,0.9516
2026-08-23T00:00:00Z,0.9024
2026-08-23T01:00:00Z,0.8721
2026-08-23T02:00:00Z,0.8494
2026-08-23T03:00:00Z,0.8331
2026-08-23T04:00:00Z,0.8291
2026-08-23T05:00:00Z,0.8777
2026-08-23T06:00:00Z,0.9806
2026-08-23T07:00:00Z,1.0954
2026-08-23T08:00:00Z,1.1614
2026-08-23T09:00:00Z,1.1684
2026-08-23T10:00:00Z,1.1498
2026-08-23T11:00:00Z,1.1413
2026-08-23T12:00:00Z,1.1505
2026-08-23T13:00:00Z,1.1674
2026-08-23T14:00:00Z,1.1885
2026-08-23T15:00:00Z,1.2199
2026-08-23T16:00:00Z,1.2706
2026-08-23T17:00:00Z,1.3222
2026-08-23T18:00:00Z,1.3831
2026-08-23T19:00:00Z,1.4101
2026-08-23T20:00:00Z,1.3473
2026-08-23T21:00:00Z,1.2035
2026-08-23T22:00:00Z,1.061
2026-08-23T23:00:00Z,0.9729
2026-08-24T00:00:00Z,0.9137
2026-08-24T01:00:00Z,0.8772
2026-08-24T02:00:00Z,0.8532
2026-08-24T03:00:00Z,0.8674
2026-08-24T04:00:00Z,0.9764
2026-08-24T05:00:00Z,1.0853
2026-08-24T06:00:00Z,1.0284
2026-08-24T07:00:00Z,0.984
2026-08-24T08:00:00Z,0.9534
2026-08-24T09:00:00Z,0.9379
2026-08-24T10:00:00Z,0.9216
2026-08-24T11:00:00Z,0.9149
2026-08-24T12:00:00Z,0.9385
2026-08-24T13:00:00Z,1.0414
2026-08-24T14:00:00Z,1.1607
2026-08-24T15:00:00Z,1.171
2026-08-24T16:00:00Z,1.1742
2026-08-24T17:00:00Z,1.2291
2026-08-24T18:00:00Z,1.3099
2026-08-24T19:00:00Z,1.361
2026-08-24T20:00:00Z,1.314
2026-08-24T21:00:00Z,1.1691
2026-08-24T22:00:00Z,1.021
2026-08-24T23:00:00Z,0.9396
2026-08-25T00:00:00Z,0.8929
2026-08-25T01:00:00Z,0.8605
2026-08-25T02:00:00Z,0.8406
2026-08-25T03:00:00Z,0.8567
2026-08-25T04:00:00Z,0.9626
2026-08-25T05:00:00Z,1.0716
2026-08-25T06:00:00Z,1.0156
2026-08-25T07:00:00Z,0.9584
2026-08-25T08:00:00Z,0.9166
2026-08-25T09:00:00Z,0.8876
2026-08-25T10:00:00Z,0.8662
2026-08-25T11:00:00Z,0.8612
2026-08-25T12:00:00Z,0.8933
2026-08-25T13:00:00Z,0.9977
2026-08-25T14:00:00Z,1.1195
2026-08-25T15:00:00Z,1.1247
2026-08-25T16:00:00Z,1.1295
2026-08-25T17:00:00Z,1.1842
2026-08-25T18:00:00Z,1.2717
2026-08-25T19:00:00Z,1.3338
2026-08-25T20:00:00Z,1.293
2026-08-25T21:00:00Z,1.1516
2026-08-25T22:00:00Z,1.0016
2026-08-25T23:00:00Z,0.9061
2026-08-26T00:00:00Z,0.8561
2026-08-26T01:00:00Z,0.8192
2026-08-26T02:00:00Z,0.7935
2026-08-26T03:00:00Z,0.8078
2026-08-26T04:00:00Z,0.9095
2026-08-26T05:00:00Z,1.0201
2026-08-26T06:00:00Z,0.9669
2026-08-26T07:00:00Z,0.9153
2026-08-26T08:00:00Z,0.8861
2026-08-26T09:00:00Z,0.8632
2026-08-26T10:00:00Z,0.855
2026-08-26T11:00:00Z,0.8528
2026-08-26T12:00:00Z,0.8825
2026-08-26T13:00:00Z,0.9856
2026-08-26T14:00:00Z,1.0997
2026-08-26T15:00:00Z,1.1072
2026-08-26T16:00:00Z,1.1167
2026-08-26T17:00:00Z,1.1716
2026-08-26T18:00:00Z,1.2548
2026-08-26T19:00:00Z,1.3099
2026-08-26T20:00:00Z,1.2684
2026-08-26T21:00:00Z,1.1302
2026-08-26T22:00:00Z,0.9855
2026-08-26T23:00:00Z,0.8937
2026-08-27T00:00:00Z,0.844
2026-08-27T01:00:00Z,0.8031
2026-08-27T02:00:00Z,0.7706
2026-08-27T03:00:00Z,0.773
2026-08-27T04:00:00Z,0.8705
2026-08-27T05:00:00Z,0.9823
2026-08-27T06:00:00Z,0.9456
2026-08-27T07:00:00Z,0.9061
2026-08-27T08:00:00Z,0.878
2026-08-27T09:00:00Z,0.8615
2026-08-27T10:00:00Z,0.849
2026-08-27T11:00:00Z,0.8503
2026-08-27T12:00:00Z,0.8828
2026-08-27T13:00:00Z,0.9887
2026-08-27T14:00:00Z,1.1008
2026-08-27T15:00:00Z,1.1174
2026-08-27T16:00:00Z,1.1332
2026-08-27T17:00:00Z,1.1944
2026-08-27T18:00:00Z,1.2753
2026-08-27T19:00:00Z,1.3311
2026-08-27T20:00:00Z,1.297
2026-08-27T21:00:00Z,1.1662
2026-08-27T22:00:00Z,1.0269
2026-08-27T23:00:00Z,0.9144
2026-08-28T00:00:00Z,0.8393
2026-08-28T01:00:00Z,0.7963
2026-08-28T02:00:00Z,0.7689
2026-08-28T03:00:00Z,0.7678
2026-08-28T04:00:00Z,0.8552
2026-08-28T05:00:00Z,0.9706
2026-08-28T06:00:00Z,0.9583
2026-08-28T07:00:00Z,0.9507
2026-08-28T08:00:00Z,0.9626
2026-08-28T09:00:00Z,0.9708
2026-08-28T10:00:00Z,0.9717
2026-08-28T11:00:00Z,0.9933
2026-08-28T12:00:00Z,1.0408
2026-08-28T13:00:00Z,1.1347
2026-08-28T14:00:00Z,1.2488
2026-08-28T15:00:00Z,1.2922
2026-08-28T16:00:00Z,1.2984
2026-08-28T17:00:00Z,1.2804
2026-08-28T18:00:00Z,1.2688
2026-08-28T19:00:00Z,1.2318
2026-08-28T20:00:00Z,1.1875
2026-08-28T21:00:00Z,1.1056
2026-08-28T22:00:00Z,1.0024
2026-08-28T23:00:00Z,0.9108
2026-08-29T00:00:00Z,0.8509
2026-08-29T01:00:00Z,0.8166
2026-08-29T02:00:00Z,0.7875
2026-08-29T03:00:00Z,0.7689
2026-08-29T04:00:00Z,0.7709
2026-08-29T05:00:00Z,0.8321
2026-08-29T06:00:00Z,0.9589
2026-08-29T07:00:00Z,1.0851
2026-08-29T08:00:00Z,1.1383
2026-08-29T09:00:00Z,1.1526
2026-08-29T10:00:00Z,1.1464
2026-08-29T11:00:00Z,1.1391
2026-08-29T12:00:00Z,1.1308
2026-08-29T13:00:00Z,1.1395
2026-08-29T14:00:00Z,1.1803
2026-08-29T15:00:00Z,1.2271
2026-08-29T16:00:00Z,1.2712
2026-08-29T17:00:00Z,1.2636
2026-08-29T18:00:00Z,1.243
2026-08-29T19:00:00Z,1.1996
2026-08-29T20:00:00Z,1.1459
2026-08-29T21:00:00Z,1.0706
2026-08-29T22:00:00Z,0.9898
2026-08-29T23:00:00Z,0.9118
2026-08-30T00:00:00Z,0.8569
2026-08-30T01:00:00Z,0.8204
2026-08-30T02:00:00Z,0.7884
2026-08-30T03:00:00Z,0.7722
2026-08-30T04:00:00Z,0.7704
2026-08-30T05:00:00Z,0.8112
2026-08-30T06:00:00Z,0.9202
2026-08-30T07:00:00Z,1.0452
2026-08-30T08:00:00Z,1.121
2026-08-30T09:00:00Z,1.1369
2026-08-30T10:00:00Z,1.1413
2026-08-30T11:00:00Z,1.1527
2026-08-30T12:00:00Z,1.1756
2026-08-30T13:00:00Z,1.2125
2026-08-30T14:00:00Z,1.2407
2026-08-30T15:00:00Z,1.2713
2026-08-30T16:00:00Z,1.3106
2026-08-30T17:00:00Z,1.3592
2026-08-30T18:00:00Z,1.4028
2026-08-30T19:00:00Z,1.3979
2026-08-30T20:00:00Z,1.3187
2026-08-30T21:00:00Z,1.1678
2026-08-30T22:00:00Z,1.0315
2026-08-30T23:00:00Z,0.9388
2026-08-31T00:00:00Z,0.8884
2026-08-31T01:00:00Z,0.8612
2026-08-31T02:00:00Z,0.8401
2026-08-31T03:00:00Z,0.8499
2026-08-31T04:00:00Z,0.9521
2026-08-31T05:00:00Z,1.0627
2026-08-31T06:00:00Z,1.0082
2026-08-31T07:00:00Z,0.9585
2026-08-31T08:00:00Z,0.9314
2026-08-31T09:00:00Z,0.9118
2026-08-31T10:00:00Z,0.8922
2026-08-31T11:00:00Z,0.8873
2026-08-31T12:00:00Z,0.9163
2026-08-31T13:00:00Z,1.0282
2026-08-31T14:00:00Z,1.1507
2026-08-31T15:00:00Z,1.1731
2026-08-31T16:00:00Z,1.1814
2026-08-31T17:00:00Z,1.2305
2026-08-31T18:00:00Z,1.3164
2026-08-31T19:00:00Z,1.3601
2026-08-31T20:00:00Z,1.3018
2026-08-31T21:00:00Z,1.1583
